sid,週期溢價,未平倉市值_百萬,買方OI張,賣方OI張,有資料天數,名稱,溢價排名,倉位排名,打擊名單,高溢價無倉,ADV20張,空方cover,多方cover,空方名單,多方名單
4162,0.008695825334469,1,2.0,20.0,5,智擎,1.0,196.0,False,True,268.826,0.0744,0.0074,False,False
3152,0.0086763647261118,7,6.0,30.0,1,璟德,2.0,178.5,False,True,101.0468,0.2969,0.0594,False,False
1590,0.008293452457156366,77,44.0,62.0,6,亞德客-KY,3.0,117.0,False,True,821.4949499999999,0.0755,0.0536,False,False
6510,0.007983559844549033,1129,53.1,362.8,8,精測,4.0,52.0,False,True,1190.68305,0.3047,0.0446,False,False
2360,0.007397797424431305,1360,123.0,635.5,8,致茂,5.0,45.0,False,True,2320.9205,0.2738,0.053,False,False
6223,0.007352045301149568,1971,33.9,379.8,8,旺矽,6.0,42.0,False,True,1062.54875,0.3574,0.0319,False,False
4736,0.006887552571687966,0,0.0,0.0,3,泰博,7.0,199.5,False,True,215.00195000000002,0.0,0.0,False,False
6274,0.006352063236238537,9498,556.0,6196.0,8,台燿,8.0,10.0,True,False,7780.918,0.7963,0.0715,False,False
1519,0.0063510702301503505,51,23.0,72.9,8,華城,9.0,131.0,False,True,1386.8393,0.0526,0.0166,False,False
3008,0.006326601969490858,13902,470.3,2314.5,8,大立光,10.0,6.0,True,False,2128.6629500000004,1.0873,0.2209,False,False
2345,0.006310559503991094,2840,693.7,1579.3,8,智邦,11.0,33.0,False,True,3912.5920499999997,0.4036,0.1773,False,False
6526,0.006307025245728319,456,3.7,543.7,8,達發,12.0,73.0,False,True,1538.0933,0.3535,0.0024,False,False
2455,0.006184046276300437,3375,868.0,6070.0,8,全新,13.0,29.0,True,False,11760.47055,0.5161,0.0738,False,False
2383,0.006183604106306288,6080,461.6,1219.5,8,台光電,14.0,15.0,True,False,2041.85625,0.5973,0.2261,False,False
1608,0.006136827048996299,4,10.0,104.0,2,華榮,15.0,188.5,False,True,1930.4122,0.0539,0.0052,False,False
8044,0.006070965253438675,1,38.0,60.0,4,網家,16.0,196.0,False,True,526.91665,0.1139,0.0721,False,False
3661,0.0058796743421660755,3201,307.5,847.9,8,世芯-KY,17.0,30.0,True,False,2471.4081,0.3431,0.1244,False,False
2368,0.005816045393562147,4467,107.3,3965.5,8,金像電,18.0,23.0,True,False,9049.1096,0.4382,0.0119,False,False
4904,0.005808107789205901,12,144.0,112.0,8,遠傳,19.0,167.0,False,True,4753.84345,0.0236,0.0303,False,False
1718,0.005765463759639625,9,308.0,800.0,8,中纖,20.0,174.5,False,True,14567.51925,0.0549,0.0211,False,False
2401,0.005638845579474375,5,62.0,200.0,8,凌陽,21.0,184.5,False,True,2254.6036,0.0887,0.0275,False,False
3231,0.005473075179957737,2661,3394.0,14306.0,8,緯創,22.0,36.0,False,True,52189.36105,0.2741,0.065,False,False
6279,0.005464615449378275,13,0.0,114.0,5,胡連,23.0,164.5,False,True,451.83435,0.2523,0.0,False,False
2395,0.0054607251523972125,194,54.0,266.0,8,研華,24.0,91.0,False,True,3098.9141,0.0858,0.0174,False,False
3017,0.0054059977300954,6957,956.4,2014.2,8,奇鋐,25.0,12.0,True,False,3018.994,0.6672,0.3168,False,False
2330,0.005399616051113643,86332,17480.5,34532.9,8,台積電,26.0,1.0,True,False,22663.527100000003,1.5237,0.7713,True,False
6770,0.005388604238242637,2268,11056.0,29720.0,8,力積電,27.0,40.0,False,True,123512.48204999999,0.2406,0.0895,False,False
3081,0.005343154533546863,5473,96.0,2016.0,8,聯亞,28.0,17.0,True,False,3358.4541,0.6003,0.0286,False,False
1907,0.00534245518639545,4,36.0,126.0,8,永豐餘,29.0,188.5,False,True,821.94015,0.1533,0.0438,False,False
2605,0.005319617413639975,78,250.0,2166.0,8,新興,30.0,116.0,False,True,10745.16585,0.2016,0.0233,False,False
3443,0.005312456312202162,13951,321.3,1712.3,8,創意,31.0,5.0,False,False,1744.69705,0.9814,0.1842,False,False
3529,0.005272734418241326,1145,43.7,339.5,8,力旺,32.0,50.0,False,False,1602.5301499999998,0.2119,0.0273,False,False
2327,0.005272544629711546,11580,4873.2,20899.5,8,國巨*,33.0,7.0,False,False,36790.8282,0.5681,0.1325,False,False
2337,0.005239214112632975,1261,4644.0,10214.0,8,旺宏,34.0,47.0,False,False,30329.03775,0.3368,0.1531,False,False
3264,0.005237155489004688,975,324.0,3972.0,8,欣銓,35.0,56.0,False,False,13664.9415,0.2907,0.0237,False,False
3702,0.005181942665343112,283,478.0,2494.0,8,大聯大,36.0,83.0,False,False,8635.8931,0.2888,0.0554,False,False
1909,0.0051589591358619,10,132.0,1014.0,6,榮成,37.0,171.5,False,False,2248.7194,0.4509,0.0587,False,False
6547,0.005143674799316739,56,148.0,890.0,8,高端疫苗,38.0,123.0,False,False,4727.33955,0.1883,0.0313,False,False
6285,0.00513844028194875,183,224.0,770.0,8,啟碁,39.0,95.0,False,False,3149.65975,0.2445,0.0711,False,False
3374,0.005132171304539674,3413,164.0,7492.0,8,精材,40.0,28.0,False,False,9716.548,0.7711,0.0169,False,False
5871,0.00509493431668275,142,0.0,1328.0,8,中租-KY,41.0,102.5,False,False,6975.3328,0.1904,0.0,False,False
1609,0.005064938630821812,15,114.0,384.0,8,大亞,42.0,163.0,False,False,2922.5904,0.1314,0.039,False,False
6213,0.00502167196920825,2286,836.0,3652.0,8,聯茂,43.0,39.0,False,False,17036.0628,0.2144,0.0491,False,False
3189,0.004999731726902688,8764,1686.0,8998.0,8,景碩,44.0,11.0,False,False,19700.7838,0.4567,0.0856,False,False
2392,0.004996321988216725,28,32.0,658.0,8,正崴,45.0,149.5,False,False,2818.0219500000003,0.2335,0.0114,False,False
6271,0.0049897952477199,190,286.0,832.0,8,同欣電,46.0,93.0,False,False,4764.619900000001,0.1746,0.06,False,False
3037,0.0049518276325269,5588,1830.0,4712.0,8,欣興,47.0,16.0,False,False,22117.28435,0.213,0.0827,False,False
2520,0.004918037368013475,17,78.0,474.0,8,冠德,48.0,158.0,False,False,1573.87995,0.3012,0.0496,False,False
5388,0.004918036914868662,59,0.0,822.0,8,中磊,49.0,121.0,False,False,2152.48235,0.3819,0.0,False,False
1319,0.004894800422143225,53,0.0,672.0,8,東陽,50.0,126.5,False,False,1300.523,0.5167,0.0,False,False
5534,0.0048311485800610395,16,16.0,218.0,5,長虹,51.0,160.5,False,False,590.86675,0.3689,0.0271,False,False
2801,0.004804651185435337,12,108.0,426.0,8,彰銀,52.0,167.0,False,False,31982.25775,0.0133,0.0034,False,False
3324,0.0047903315780204936,4712,237.5,3054.6,8,雙鴻,53.0,20.0,False,False,4343.00795,0.7033,0.0547,False,False
2454,0.004788035057829194,38768,1368.2,7798.3,8,聯發科,54.0,2.0,False,False,9295.32395,0.8389,0.1472,False,False
2027,0.0047612567270531375,262,650.0,5506.0,8,大成鋼,55.0,86.0,False,False,12473.7584,0.4414,0.0521,False,False
2393,0.004736269058897637,12,46.0,192.0,8,億光,56.0,167.0,False,False,1349.3416000000002,0.1423,0.0341,False,False
8163,0.004735121985374261,1,12.0,34.0,5,達方,57.0,196.0,False,False,557.9168000000001,0.0609,0.0215,False,False
1216,0.0046902553461185,52,654.0,702.0,8,統一,58.0,129.0,False,False,8348.79865,0.0841,0.0783,False,False
3711,0.004674446238246632,4519,2882.3,6364.1,8,日月光投控,59.0,21.0,False,False,17262.036949999998,0.3687,0.167,False,False
2609,0.004662302909285,603,1512.0,10116.0,8,陽明,60.0,63.0,False,False,32145.466949999998,0.3147,0.047,False,False
8069,0.0046483190442209625,432,1104.0,2978.0,8,元太,61.0,75.0,False,False,5753.71825,0.5176,0.1919,False,False
1301,0.004648274043416413,490,1118.0,7100.0,8,台塑,62.0,71.0,False,False,29592.99545,0.2399,0.0378,False,False
1326,0.00460229177888915,273,382.0,3896.0,8,台化,63.0,85.0,False,False,35243.53225,0.1105,0.0108,False,False
2105,0.004601811283545925,20,122.0,642.0,8,正新,64.0,157.0,False,False,3729.0598999999997,0.1722,0.0327,False,False
2603,0.00459849867628235,2889,1956.0,12012.0,8,長榮,65.0,32.0,False,False,8607.4751,1.3955,0.2272,True,False
8150,0.004598042706220175,760,410.0,6552.0,8,南茂,66.0,59.0,False,False,41288.765049999995,0.1587,0.0099,False,False
8046,0.0045920376954715295,4499,885.3,3305.3,8,南電,67.0,22.0,False,False,11620.59365,0.2844,0.0762,False,False
3680,0.00459103612631483,250,101.5,449.5,8,家登,68.0,87.0,False,False,2095.9748,0.2145,0.0484,False,False
2915,0.004560808559467813,52,0.0,870.0,8,潤泰全,69.0,129.0,False,False,1646.03865,0.5285,0.0,False,False
6147,0.004517694162219962,3629,1006.0,17200.0,8,頎邦,70.0,27.0,False,False,45166.35875,0.3808,0.0223,False,False
2885,0.0045085340237814376,55,820.0,806.0,8,元大金,71.0,124.0,False,False,21024.48155,0.0383,0.039,False,False
2354,0.004447539517375187,192,404.0,2900.0,8,鴻準,72.0,92.0,False,False,11627.140449999999,0.2494,0.0347,False,False
5880,0.004425589452995313,11,368.0,402.0,8,合庫金,73.0,169.0,False,False,20090.55155,0.02,0.0183,False,False
2382,0.004405815952511012,2181,4678.0,6502.0,8,廣達,74.0,41.0,False,False,14479.686,0.449,0.3231,False,False
1101,0.004394026542920675,166,1346.0,6270.0,8,台泥,75.0,99.0,False,False,38404.4081,0.1633,0.035,False,False
6176,0.004375636959601713,27,44.0,296.0,8,瑞儀,76.0,152.0,False,False,2205.8401,0.1342,0.0199,False,False
1513,0.004372909337223312,184,274.0,1090.0,8,中興電,77.0,94.0,False,False,1836.35775,0.5936,0.1492,False,False
1904,0.004361558736285146,5,16.0,210.0,7,正隆,78.0,184.5,False,False,1764.3451,0.119,0.0091,False,False
3691,0.004353932595710071,81,122.0,680.0,7,碩禾,79.0,115.0,False,False,873.1732,0.7788,0.1397,False,False
2352,0.004351209431235388,13,92.0,434.0,8,佳世達,80.0,164.5,False,False,4597.5002,0.0944,0.02,False,False
2610,0.004348402168925363,46,970.0,2226.0,8,華航,81.0,134.5,False,False,15925.7849,0.1398,0.0609,False,False
2303,0.0043430188241454625,21963,0.0,140788.0,8,聯電,82.0,3.0,False,False,182529.92369999998,0.7713,0.0,False,False
2913,0.004333836226991175,2,18.0,176.0,4,農林,83.0,192.0,False,False,1094.65705,0.1608,0.0164,False,False
2323,0.004294504548766287,2,66.0,184.0,8,中環,84.0,192.0,False,False,4803.8224,0.0383,0.0137,False,False
6257,0.0042729531292043125,790,606.0,3078.0,8,矽格,85.0,58.0,False,False,12696.07285,0.2424,0.0477,False,False
8932,0.004257329950401062,159,118.0,1680.0,8,智通*,86.0,100.0,False,False,1829.33665,0.9184,0.0645,False,False
2880,0.00424871952074815,57,536.0,1266.0,8,華南金,87.0,122.0,False,False,15057.063400000001,0.0841,0.0356,False,False
9945,0.004228242562869888,25,74.0,828.0,8,潤泰新,88.0,154.0,False,False,5481.9107,0.151,0.0135,False,False
2618,0.004219517860211412,140,1910.0,3268.0,8,長榮航,89.0,104.0,False,False,18030.7407,0.1812,0.1059,False,False
9904,0.004214892906758762,46,0.0,1848.0,8,寶成,90.0,134.5,False,False,9661.69455,0.1913,0.0,False,False
6239,0.00420048770943965,1447,228.0,4956.0,8,力成,91.0,44.0,False,False,12124.52745,0.4088,0.0188,False,False
4938,0.004191022453643487,61,136.0,680.0,8,和碩,92.0,120.0,False,False,8767.198849999999,0.0776,0.0155,False,False
3406,0.004175229359859763,1139,566.8,1275.8,8,玉晶光,93.0,51.0,False,False,5663.15405,0.2253,0.1001,False,False
2886,0.00417280648567835,44,824.0,894.0,8,兆豐金,94.0,136.0,False,False,24567.748,0.0364,0.0335,False,False
1477,0.0041714190895160595,30,23.9,157.0,8,聚陽,95.0,146.5,False,False,1210.3348500000002,0.1297,0.0197,False,False
2317,0.004165796917837125,9739,26662.0,38494.0,8,鴻海,96.0,8.0,False,False,30951.185550000002,1.2437,0.8614,True,False
2308,0.004151227167913059,19314,2048.1,10137.0,8,台達電,97.0,4.0,False,False,12081.97465,0.839,0.1695,False,False
2881,0.004125262577983488,468,1906.0,3098.0,8,富邦金,98.0,72.0,False,False,16265.7199,0.1905,0.1172,False,False
1440,0.004113303719091214,5,10.0,392.0,7,南紡,99.0,184.5,False,False,3310.32685,0.1184,0.003,False,False
2887,0.004100039624695025,173,446.0,4126.0,8,台新新光金,100.0,98.0,False,False,58767.14035,0.0702,0.0076,False,False
1476,0.0040917329112317,24,0.0,86.0,7,儒鴻,101.0,155.5,False,False,1264.7433999999998,0.068,0.0,False,False
1314,0.004075710874631338,41,458.0,4540.0,8,中石化,102.0,139.5,False,False,46257.5417,0.0981,0.0099,False,False
2615,0.0040226563606763,682,2190.0,5958.0,8,萬海,103.0,61.0,False,False,16974.33775,0.351,0.129,False,False
2201,0.004011462845699175,54,426.0,1812.0,8,裕隆,104.0,125.0,False,False,5025.541200000001,0.3606,0.0848,False,False
3006,0.003995717311566775,1174,1236.0,4076.0,8,晶豪科,105.0,48.0,False,False,16071.84385,0.2536,0.0769,False,False
1605,0.003964361198497075,237,1330.0,6122.0,8,華新,106.0,88.0,False,False,15710.99535,0.3897,0.0847,False,False
6505,0.003956745826707762,422,728.0,4294.0,8,台塑化,107.0,76.0,False,False,27681.4727,0.1551,0.0263,False,False
3653,0.003911975422231195,4721,93.3,690.0,8,健策,108.0,19.0,False,False,1235.51575,0.5585,0.0755,False,False
2412,0.003899579599979275,43,308.0,296.0,8,中華電,109.0,137.0,False,False,11759.38985,0.0252,0.0262,False,False
6153,0.003887247613353925,16,104.0,886.0,8,嘉聯益,110.0,160.5,False,False,2499.9739,0.3544,0.0416,False,False
3035,0.0038400450280704503,505,892.0,2382.0,8,智原,111.0,70.0,False,False,4411.56985,0.5399,0.2022,False,False
2882,0.0038205578558816997,417,2838.0,3756.0,8,國泰金,112.0,77.0,False,False,21569.555350000002,0.1741,0.1316,False,False
2002,0.0037974751491486,89,1244.0,4618.0,8,中鋼,113.0,113.5,False,False,28356.244649999997,0.1629,0.0439,False,False
3044,0.00376916743848035,275,196.0,520.0,8,健鼎,114.0,84.0,False,False,2837.0984,0.1833,0.0691,False,False
2883,0.0037405996217546255,104,2056.0,2672.0,8,凱基金,115.0,112.0,False,False,47044.21695,0.0568,0.0437,False,False
6414,0.003735650576657517,134,200.0,340.0,6,樺漢,116.0,105.0,False,False,1148.0112,0.2962,0.1742,False,False
6278,0.0037271888509060372,450,0.0,2042.0,8,台表科,117.0,74.0,False,False,5126.6239000000005,0.3983,0.0,False,False
2515,0.0037078179458843877,6,0.0,510.0,8,中工,118.0,181.0,False,False,5099.9902999999995,0.1,0.0,False,False
5347,0.0037040164043884373,980,2770.0,5412.0,8,世界,119.0,55.0,False,False,16340.136,0.3312,0.1695,False,False
2049,0.0037033326749209804,226,328.7,672.1,8,上銀,120.0,89.0,False,False,3801.0164,0.1768,0.0865,False,False
1402,0.0036541452891622624,24,0.0,846.0,8,遠東新,121.0,155.5,False,False,8506.8844,0.0994,0.0,False,False
5904,0.0036338570581155053,10,38.9,148.5,8,寶雅*,122.0,171.5,False,False,5812.692400000001,0.0255,0.0067,False,False
2890,0.0036189692479381376,52,732.0,1176.0,8,永豐金,123.0,129.0,False,False,26943.30995,0.0436,0.0272,False,False
1102,0.00357342318468945,16,344.0,452.0,8,亞泥,124.0,160.5,False,False,7412.4772,0.061,0.0464,False,False
2606,0.0035458011123172626,113,286.0,1526.0,8,裕民,125.0,108.5,False,False,4525.99935,0.3372,0.0632,False,False
3227,0.0035113681933088285,28,34.0,152.0,7,原相,126.0,149.5,False,False,595.9146999999999,0.2551,0.0571,False,False
3533,0.003492702772891864,597,44.2,334.0,8,嘉澤,127.0,64.0,False,False,1065.649,0.3134,0.0415,False,False
3034,0.003481240839153156,593,501.6,1074.4,8,聯詠,128.0,65.0,False,False,3153.7902000000004,0.3407,0.159,False,False
2884,0.0033819952144974875,123,2216.0,2734.0,8,玉山金,129.0,106.0,False,False,48222.86115,0.0567,0.046,False,False
2059,0.003373789665659952,2684,94.7,220.7,8,川湖,130.0,35.0,False,False,452.67985,0.4875,0.2092,False,False
6245,0.0033532471514105574,8,26.0,90.0,7,立端,131.0,176.5,False,False,1019.2724499999999,0.0883,0.0255,False,False
6188,0.00330957644015646,9,2.0,138.0,5,廣明,132.0,174.5,False,False,624.4861,0.221,0.0032,False,False
2449,0.0032902655029727356,2686,721.8,9073.9,8,京元電子,133.0,34.0,False,False,28273.5633,0.3209,0.0255,False,False
2834,0.0032811081045061,8,204.0,438.0,8,臺企銀,134.0,176.5,False,False,48244.4764,0.0091,0.0042,False,False
5009,0.003278998594211975,50,128.0,1512.0,8,榮剛,135.0,132.0,False,False,1591.6784,0.9499,0.0804,False,False
3036,0.003207753720517313,715,1056.0,3472.0,8,文曄,136.0,60.0,False,False,8551.839699999999,0.406,0.1235,False,False
2892,0.003199007130269625,40,708.0,1040.0,8,第一金,137.0,141.0,False,False,30234.70945,0.0344,0.0234,False,False
3293,0.003192512917813985,290,109.4,369.2,8,鈊象,138.0,82.0,False,False,2005.94225,0.1841,0.0545,False,False
3665,0.003178238489653124,2592,43.5,995.5,8,貿聯-KY,139.0,37.0,False,False,3480.5767,0.286,0.0125,False,False
2357,0.003132686196159648,584,360.6,606.5,8,華碩,140.0,67.0,False,False,3222.7653,0.1882,0.1119,False,False
6269,0.003119139101186275,41,30.0,616.0,8,台郡,141.0,139.5,False,False,5674.44225,0.1086,0.0053,False,False
3105,0.0031186652089872885,6861,440.5,12681.9,8,穩懋,142.0,13.0,False,False,30167.3741,0.4204,0.0146,False,False
2492,0.003105672443682794,3822,282.0,12718.0,8,華新科,143.0,26.0,False,False,26665.10545,0.477,0.0106,False,False
1504,0.00308975250092525,152,728.0,2184.0,8,東元,144.0,101.0,False,False,5367.942599999999,0.4069,0.1356,False,False
2404,0.003078950860095042,608,98.0,470.4,8,漢唐,145.0,62.0,False,False,1860.24295,0.2529,0.0527,False,False
1303,0.003043629213913425,4932,7238.0,19118.0,8,南亞,146.0,18.0,False,False,76307.90265,0.2505,0.0949,False,False
3005,0.003020154310702175,29,8.0,252.0,8,神基,147.0,148.0,False,False,1872.32845,0.1346,0.0043,False,False
6005,0.003004146425765157,16,364.0,508.0,8,群益證,148.0,160.5,False,False,6733.4122,0.0754,0.0541,False,False
2421,0.0029995364880400126,53,40.0,328.0,8,建準,149.0,126.5,False,False,3726.9213,0.088,0.0107,False,False
3042,0.0029766384144144127,1158,0.0,5490.0,8,晶技,150.0,49.0,False,False,15037.69625,0.3651,0.0,False,False
1722,0.0029125984179179665,6,42.0,154.0,6,台肥,151.0,181.0,False,False,3284.4195,0.0469,0.0128,False,False
4128,0.002898411788631025,1,0.0,64.0,8,中天,152.0,196.0,False,False,963.99975,0.0664,0.0,False,False
2486,0.0028777325409667,295,90.0,1228.0,8,一詮,153.0,81.0,False,False,5863.7792,0.2094,0.0153,False,False
2301,0.002852042805987425,1565,1270.0,5580.0,8,光寶科,154.0,43.0,False,False,19580.48095,0.285,0.0649,False,False
2441,0.0028096979754499876,89,200.0,702.0,8,超豐,155.0,113.5,False,False,4159.71335,0.1688,0.0481,False,False
3718,0.002691180750315025,35,128.0,530.0,8,中光電投控,156.0,145.0,False,False,,,,False,False
2344,0.0026751333704716626,4399,2810.0,24372.0,8,華邦電,157.0,24.0,False,False,103475.17259999999,0.2355,0.0272,False,False
2409,0.0026497084230235625,2399,10974.0,62074.0,8,友達,158.0,38.0,False,False,477802.53345,0.1299,0.023,False,False
2633,0.0026128589427093997,4,50.0,158.0,6,台灣高鐵,159.0,188.5,False,False,4337.01405,0.0364,0.0115,False,False
1565,0.00250356798797816,0,7.4,1.6,5,精華,160.0,199.5,False,False,111.60510000000001,0.0143,0.0663,False,False
1312,0.00244516950947965,49,122.0,3268.0,8,國喬,161.0,133.0,False,False,26214.0117,0.1247,0.0047,False,False
2347,0.002387212429913086,42,328.0,436.0,7,聯強,162.0,138.0,False,False,3225.0089500000004,0.1352,0.1017,False,False
2356,0.0023416858238956627,320,3676.0,5374.0,8,英業達,163.0,79.0,False,False,14929.279400000001,0.36,0.2462,False,False
8086,0.0022713084955357627,65,20.0,566.0,8,宏捷科,164.0,118.0,False,False,2847.2520499999996,0.1988,0.007,False,False
2377,0.0022464857269651867,335,416.0,2212.0,8,微星,165.0,78.0,False,False,8460.0555,0.2615,0.0492,False,False
2457,0.0022284282332196,4,34.0,168.0,4,飛宏,166.0,188.5,False,False,1217.96065,0.1379,0.0279,False,False
2891,0.00219488426236825,305,3558.0,4446.0,8,中信金,167.0,80.0,False,False,33498.20245,0.1327,0.1062,False,False
1905,0.0021486275072209854,7,18.0,516.0,7,華紙,168.0,178.5,False,False,1721.51225,0.2997,0.0105,False,False
6757,0.002125303993019025,2,38.0,38.0,4,台灣虎航,169.0,192.0,False,False,550.0769499999999,0.0691,0.0691,False,False
6121,0.002052397827676475,10,14.0,26.0,4,新普,170.0,171.5,False,False,525.1769,0.0495,0.0267,False,False
8299,0.0020479293724516828,9643,994.4,4473.6,8,群聯,171.0,9.0,False,False,3635.77135,1.2304,0.2735,False,False
2408,0.0019583011662492127,6447,642.0,12374.0,8,南亞科,172.0,14.0,False,False,54606.4444,0.2266,0.0118,False,False
4958,0.0019541247416045987,4326,486.0,8482.0,8,臻鼎-KY,173.0,25.0,False,False,30926.503,0.2743,0.0157,False,False
3673,0.00191738073302165,181,436.0,2390.0,8,TPK-KY,174.0,96.0,False,False,5533.45305,0.4319,0.0788,False,False
2355,0.0018455129107016128,10,18.0,230.0,8,敬鵬,175.0,171.5,False,False,1326.8203999999998,0.1733,0.0136,False,False
2485,0.0018066072198415404,27,538.0,636.0,8,兆赫,176.0,152.0,False,False,2099.3894,0.3029,0.2563,False,False
2313,0.0017586965431764376,1286,1266.0,5666.0,8,華通,177.0,46.0,False,False,24288.572399999997,0.2333,0.0521,False,False
8112,0.0017516848580320875,116,102.0,1392.0,8,至上,178.0,107.0,False,False,5941.1592,0.2343,0.0172,False,False
5483,0.001663836306009225,1011,308.0,4870.0,8,中美晶,179.0,54.0,False,False,15768.01175,0.3089,0.0195,False,False
5274,0.0015795601102498084,857,2.0,44.0,8,信驊,180.0,57.0,False,False,326.41215,0.1348,0.0061,False,False
2474,0.001539171880653025,1048,0.0,5064.0,8,可成,181.0,53.0,False,False,2562.6692000000003,1.9761,0.0,False,False
2371,0.001450649836379225,112,1064.0,3662.0,8,大同,182.0,110.0,False,False,10481.41395,0.3494,0.1015,False,False
4919,0.0012636329837215,586,1242.0,4174.0,8,新唐,183.0,66.0,False,False,8543.735550000001,0.4885,0.1454,False,False
3019,0.00124013785204285,571,2438.0,4182.0,8,亞光,184.0,68.0,False,False,6170.0815,0.6778,0.3951,False,False
6182,0.0012395717119747386,2966,1006.0,22382.0,8,合晶,185.0,31.0,False,False,59686.4068,0.375,0.0169,False,False
2332,0.0012391564050349124,37,408.0,1780.0,8,友訊,186.0,144.0,False,False,9878.00625,0.1802,0.0413,False,False
2379,0.000978612447535924,533,1241.4,704.5,8,瑞昱,187.0,69.0,False,False,2882.94985,0.2444,0.4306,False,False
2006,0.0009054554472004501,6,16.0,70.0,8,東和鋼鐵,188.0,181.0,False,False,1834.7333,0.0382,0.0087,False,False
2324,0.0008135333882448888,174,6710.0,4684.0,8,仁寶,189.0,97.0,False,False,50582.23595,0.0926,0.1327,False,False
1717,0.00064161254857015,213,582.0,2852.0,8,長興,190.0,90.0,False,False,11672.1672,0.2443,0.0499,False,False
2329,0.0005599002984486393,39,328.0,858.0,8,華泰,191.0,142.5,False,False,2238.65105,0.3833,0.1465,False,False
9914,0.0005420393327576427,30,30.0,432.0,7,美利達,192.0,146.5,False,False,1766.3401999999999,0.2446,0.017,False,False
2385,0.0004882548807547711,63,242.0,596.0,8,群光,193.0,119.0,False,False,2766.4386,0.2154,0.0875,False,False
6472,0.00046322751140683363,5,30.0,793.6,8,保瑞,194.0,184.5,False,False,605.3036,1.3111,0.0496,False,False
5457,0.0004509239911557001,1,0.0,50.0,7,宣德,195.0,196.0,False,False,770.6575,0.0649,0.0,False,False
6282,0.0003886445869678144,113,966.0,2572.0,8,康舒,196.0,108.5,False,False,4180.75525,0.6152,0.2311,False,False
6139,0.0003614389041904071,39,103.1,1037.6,8,亞翔,197.0,142.5,False,False,2443.9935499999997,0.4246,0.0422,False,False
2340,0.0003084558255889375,111,646.0,2696.0,8,台亞,198.0,111.0,False,False,5233.7432,0.5151,0.1234,False,False
2439,0.00024551910958444284,27,32.0,344.0,7,美律,199.0,152.0,False,False,1211.819,0.2839,0.0264,False,False
3714,0.00016839577903562502,142,216.0,2026.0,8,富采,200.0,102.5,False,False,17063.00105,0.1187,0.0127,False,False
4123,-1.8231402251912506e-05,-5,158.0,416.0,8,晟德,,,False,False,1497.35075,0.2778,0.1055,False,False
9958,-9.557480159824986e-05,-14,153.7,646.6,8,世紀鋼,,,False,False,1655.26385,0.3906,0.0929,False,False
2353,-0.0002546402921159375,-113,3574.0,6398.0,8,宏碁,,,False,False,16299.5327,0.3925,0.2193,False,False
2548,-0.00025733223560053743,-9,94.0,226.0,8,華固,,,False,False,1054.04695,0.2144,0.0892,False,False
9939,-0.0002808448941177667,0,0.0,226.0,3,宏全,,,False,False,590.79565,0.3825,0.0,False,False
9938,-0.00034740255904488744,-4,116.0,302.0,8,百和,,,False,False,1069.2296999999999,0.2824,0.1085,False,False
4743,-0.00043793809030927494,0,0.0,244.0,8,合一,,,False,False,1070.7333999999998,0.2279,0.0,False,False
2328,-0.0005304540267773694,-55,1160.0,1604.0,8,廣宇,,,False,False,1612.6987,0.9946,0.7193,False,False
3380,-0.0005646031293115,-10,310.0,1122.0,8,明泰,,,False,False,4226.07405,0.2655,0.0734,False,False
1536,-0.0006360316394730303,-11,232.0,700.0,8,和大,,,False,False,1035.1882,0.6762,0.2241,False,False
8039,-0.0007868983469896375,-108,358.0,12094.0,8,台虹,,,False,False,22421.9526,0.5394,0.016,False,False
3045,-0.000806736546503775,-850,7082.0,4536.0,8,台灣大,,,False,False,7969.05005,0.5692,0.8887,False,False
2458,-0.0009081727116671874,-10,74.0,238.0,8,義隆,,,False,False,1382.9408500000002,0.1721,0.0535,False,False
5425,-0.000923593386790125,-115,1198.0,3482.0,8,台半,,,False,False,10781.86515,0.3229,0.1111,False,False
5876,-0.0010419431368467501,0,4.0,36.0,6,上海商銀,,,False,False,8416.601,0.0043,0.0005,False,False
2312,-0.0011992320935221008,-71,2264.0,3160.0,8,金寶,,,False,False,8507.17,0.3715,0.2661,False,False
2489,-0.0012081987793878875,-55,1316.0,11732.0,8,瑞軒,,,False,False,36122.884450000005,0.3248,0.0364,False,False
5269,-0.0012278706766543769,-132,184.4,509.8,8,祥碩,,,False,False,499.38575,1.0209,0.3693,False,False
2481,-0.0012468428120268752,-396,2316.0,5400.0,8,強茂,,,False,False,42112.746,0.1282,0.055,False,False
3552,-0.0012574042095721,-1,16.0,64.0,6,同致,,,False,False,610.8698499999999,0.1048,0.0262,False,False
3481,-0.0013492955142978295,-952,17402.0,41076.0,8,群創,,,False,False,204440.64325,0.2009,0.0851,False,False
1503,-0.0015669427933013374,-37,186.0,620.0,8,士電,,,False,False,1280.3516000000002,0.4842,0.1453,False,False
8358,-0.0016212426013271376,-1405,2856.0,11522.0,8,金居,,,False,False,11452.32275,1.0061,0.2494,False,False
6290,-0.0016488382870818124,-142,506.0,3434.0,8,良維,,,False,False,3743.8507,0.9172,0.1352,False,False
1210,-0.0017278094296547999,-2,30.0,30.0,3,大成,,,False,False,1031.9022,0.0291,0.0291,False,False
1560,-0.0019660999774138857,-10,10.0,30.0,7,中砂,,,False,False,2197.15355,0.0137,0.0046,False,False
1802,-0.0019678666819979533,-760,12662.0,18226.0,8,台玻,,,False,False,20330.12135,0.8965,0.6228,False,False
2634,-0.0019717939379381875,-61,956.0,2098.0,8,漢翔,,,False,False,9155.04695,0.2292,0.1044,False,False
2388,-0.002583832216917625,-55,754.0,2276.0,8,威盛,,,False,False,4521.4785999999995,0.5034,0.1668,False,False
3260,-0.0026753185887598125,-155,410.0,476.0,8,威剛,,,False,False,5441.330400000001,0.0875,0.0753,False,False
2498,-0.002707566215776275,-59,1362.0,3474.0,8,宏達電,,,False,False,6561.5054,0.5295,0.2076,False,False
3706,-0.002863742265031075,-333,4210.0,5122.0,8,神達,,,False,False,9380.30275,0.546,0.4488,False,False
2367,-0.0030180179341274755,-102,2334.0,2904.0,8,燿華,,,False,False,3193.74415,0.9093,0.7308,False,True
2542,-0.003111311707761275,-34,882.0,2404.0,8,興富發,,,False,False,13054.294,0.1842,0.0676,False,False
2376,-0.003118692031109803,-964,2726.5,6284.2,8,技嘉,,,False,False,5565.2574,1.1292,0.4899,False,True
3376,-0.0031545593172345,-118,676.0,3634.0,8,新日興,,,False,False,4851.19395,0.7491,0.1393,False,False
8436,-0.00323156568133472,-1,6.0,96.0,5,大江,,,False,False,814.8353000000001,0.1178,0.0074,False,False
1795,-0.004000715240211662,-15,86.0,428.0,8,美時,,,False,False,678.5002,0.6308,0.1268,False,False
6669,-0.004837693617560301,-4398,2103.9,2917.3,8,緯穎,,,False,False,4381.36265,0.6658,0.4802,False,False
6488,-0.004870828232074289,-1419,1375.9,7551.7,8,環球晶,,,False,False,10585.6305,0.7134,0.13,False,False
2338,-0.004903826963409238,-18,376.0,1550.0,8,光罩,,,False,False,16032.41205,0.0967,0.0235,False,False
3211,-0.005241841460853951,-88,220.9,1598.8,8,順達,,,False,False,4011.6911,0.3985,0.0551,False,False
2331,-0.005285805639678442,-8,394.0,478.0,7,精英,,,False,False,1033.0156,0.4627,0.3814,False,False
6116,-0.005762292525787188,-97,5972.0,15152.0,8,彩晶,,,False,False,47997.80135,0.3157,0.1244,False,False
3532,-0.0058744570105898125,-627,1336.0,3420.0,8,台勝科,,,False,False,7630.04905,0.4482,0.1751,False,False
3078,-0.00633288738888232,-12,274.0,96.0,5,僑威,,,False,False,713.15025,0.1346,0.3842,False,False
2231,-0.008557086235939856,-3,28.0,312.0,7,為升,,,False,False,139.6792,2.2337,0.2005,False,False
6173,-0.07278784777543539,0,0.0,9616.0,8,信昌電,,,False,False,19213.6643,0.5005,0.0,False,False
