契約代碼,sid,契約乘數
CAF,1303,2000.0
CBF,2002,2000.0
CCF,2303,2000.0
CDF,2330,2000.0
CEF,2881,2000.0
CFF,1301,2000.0
CGF,2324,2000.0
CHF,2409,2000.0
CJF,2880,2000.0
CKF,2882,2000.0
CLF,2886,2000.0
CMF,2887,2000.0
CNF,2891,2000.0
CQF,1216,2000.0
CRF,1402,2000.0
CSF,1605,2000.0
CUF,2323,2000.0
CWF,2352,2000.0
CXF,2371,2000.0
CYF,2408,2000.0
CZF,2603,2000.0
DAF,2609,2000.0
DBF,2610,2000.0
DCF,2801,2000.0
DEF,2890,2000.0
DFF,1101,2000.0
DGF,1326,2000.0
DHF,2317,2000.0
DIF,2337,2000.0
DJF,2357,2000.0
DKF,2382,2000.0
DLF,2412,2000.0
DNF,2884,2000.0
DOF,2885,2000.0
DPF,2892,2000.0
DQF,3481,2000.0
DSF,2353,2000.0
DVF,2454,2000.0
DWF,2915,2000.0
DXF,3231,2000.0
DYF,1102,2000.0
DZF,1210,2000.0
EEF,1312,2000.0
EGF,1314,2000.0
EHF,1319,2000.0
EKF,1440,2000.0
EMF,1504,2000.0
EOF,1560,2000.0
EPF,1590,2000.0
EYF,1718,2000.0
EZF,1722,2000.0
FBF,2006,2000.0
FEF,2027,2000.0
FFF,2049,2000.0
FGF,2059,2000.0
FKF,2105,2000.0
FNF,2201,2000.0
FQF,2301,2000.0
FRF,2308,2000.0
FSF,2312,2000.0
FTF,2313,2000.0
FVF,2331,2000.0
FWF,2332,2000.0
FYF,2340,2000.0
FZF,2344,2000.0
GAF,2347,2000.0
GCF,2354,2000.0
GHF,2376,2000.0
GIF,2377,2000.0
GJF,2379,2000.0
GKF,2385,2000.0
GLF,2392,2000.0
GMF,2393,2000.0
GNF,2401,2000.0
GOF,2404,2000.0
GRF,2449,2000.0
GUF,2455,2000.0
GVF,2457,2000.0
GWF,2458,2000.0
GXF,2474,2000.0
GYF,2481,2000.0
GZF,2485,2000.0
HAF,2489,2000.0
HBF,2492,2000.0
HCF,2498,2000.0
HHF,2515,2000.0
HIF,2520,2000.0
HLF,2542,2000.0
HOF,2548,2000.0
HQF,2605,2000.0
HSF,2618,2000.0
IAF,2834,2000.0
IHF,2913,2000.0
IIF,3006,2000.0
IJF,3008,2000.0
IMF,3019,2000.0
IOF,3034,2000.0
IPF,3035,2000.0
IQF,3036,2000.0
IRF,3037,2000.0
ITF,3042,2000.0
IXF,3189,2000.0
IYF,3376,2000.0
IZF,3380,2000.0
JBF,3443,2000.0
JFF,3533,2000.0
JMF,3653,2000.0
JNF,3673,2000.0
JPF,3702,2000.0
JSF,4938,2000.0
JWF,5534,2000.0
JXF,6005,2000.0
JZF,6153,2000.0
KBF,6213,2000.0
KCF,6239,2000.0
KDF,6271,2000.0
KEF,6278,2000.0
KFF,6282,2000.0
KGF,6285,2000.0
KIF,8039,2000.0
KKF,8163,2000.0
KLF,9904,2000.0
KOF,9939,2000.0
KPF,9945,2000.0
KSF,1477,2000.0
KUF,1802,2000.0
KWF,2328,2000.0
LBF,3044,2000.0
LCF,3045,2000.0
LEF,3406,2000.0
LIF,6269,2000.0
LMF,9914,2000.0
LOF,5880,2000.0
LQF,2356,2000.0
LRF,2883,2000.0
LTF,4904,2000.0
LUF,4958,2000.0
LVF,5871,2000.0
LWF,1476,2000.0
LXF,2327,2000.0
LYF,8046,2000.0
MBF,2355,2000.0
MJF,2360,2000.0
MKF,2439,2000.0
MQF,6257,2000.0
MVF,9938,2000.0
MYF,1565,2000.0
NAF,3105,2000.0
NBF,3152,2000.0
NCF,3211,2000.0
NDF,3260,2000.0
NEF,3264,2000.0
NGF,3691,2000.0
NIF,4123,2000.0
NJF,5009,2000.0
NLF,5347,2000.0
NMF,5371,2000.0
NOF,5483,2000.0
NQF,6121,2000.0
NSF,6147,2000.0
NUF,8044,2000.0
NVF,8069,2000.0
NWF,8299,2000.0
ODF,2231,2000.0
OEF,6116,2000.0
OHF,6279,2000.0
OLF,3008,100.0
OMF,1565,100.0
OPF,2345,2000.0
OQF,6414,2000.0
ORF,1536,2000.0
OSF,1909,2000.0
OTF,3081,2000.0
OUF,3552,2000.0
OVF,6274,2000.0
OWF,6488,2000.0
OXF,6510,2000.0
OYF,6510,100.0
OZF,3711,2000.0
PAF,3227,2000.0
PBF,6488,100.0
PCF,4162,2000.0
PDF,4736,2000.0
PEF,5425,2000.0
PGF,2633,2000.0
PHF,5269,2000.0
PIF,3529,2000.0
PJF,2383,2000.0
PKF,6173,2000.0
PLF,6182,2000.0
PMF,8436,2000.0
PNF,5269,100.0
PPF,5457,2000.0
PQF,8358,2000.0
PRF,8086,2000.0
PSF,3706,2000.0
PTF,3324,2000.0
PUF,2454,100.0
PVF,6669,2000.0
PWF,6669,100.0
PXF,3293,2000.0
PYF,3293,100.0
PZF,5274,2000.0
QAF,5274,100.0
QBF,3714,2000.0
QCF,2606,2000.0
QDF,3532,2000.0
QEF,2327,100.0
QFF,2330,100.0
QGF,2379,100.0
QHF,3034,100.0
QIF,3105,100.0
QJF,3406,100.0
QKF,1907,2000.0
QLF,3374,2000.0
QMF,2049,100.0
QNF,8299,100.0
QOF,1717,2000.0
QPF,1904,2000.0
QQF,3078,2000.0
QRF,2357,100.0
QSF,8046,100.0
QTF,2441,2000.0
QUF,8150,2000.0
QVF,2338,2000.0
QWF,2388,2000.0
QXF,2615,2000.0
QYF,6547,2000.0
QZF,6770,2000.0
RAF,3017,2000.0
RBF,5388,2000.0
RCF,2634,2000.0
RDF,4128,2000.0
REF,4919,2000.0
RFF,3533,100.0
RGF,3653,100.0
RJF,1609,2000.0
RKF,2368,2000.0
RLF,6443,2000.0
RNF,4743,2000.0
ROF,6245,2000.0
RPF,5904,2000.0
RRF,5904,100.0
RSF,3529,100.0
RUF,9958,2000.0
RVF,2308,100.0
RWF,3443,100.0
SAF,1795,2000.0
SBF,1905,2000.0
SCF,1477,100.0
SDF,1513,2000.0
SEF,2345,100.0
SFF,2383,100.0
SJF,3005,2000.0
SKF,8112,2000.0
SLF,2376,100.0
SVF,2059,100.0
SWF,9958,100.0
SYF,3680,2000.0
SZF,3680,100.0
UAF,1503,2000.0
UBF,6139,2000.0
UCF,6188,2000.0
UEF,5876,2000.0
UFF,6505,2000.0
UGF,6526,2000.0
UHF,3017,100.0
UIF,6526,100.0
ULF,3324,100.0
UMF,3661,2000.0
UOF,3661,100.0
UPF,6472,2000.0
UQF,6472,100.0
UTF,2486,2000.0
UUF,6757,2000.0
UVF,6223,2000.0
UWF,6223,100.0
UXF,2329,2000.0
UYF,6290,2000.0
UZF,2404,100.0
VAF,1608,2000.0
VBF,2367,2000.0
VCF,2421,2000.0
VDF,2360,100.0
VEF,3665,2000.0
VFF,3665,100.0
VGF,2368,100.0
VIF,2395,2000.0
VJF,3211,100.0
VKF,6139,100.0
VLF,8932,2000.0
VMF,1519,2000.0
VNF,1519,100.0
VOF,2449,100.0
VPF,3711,100.0
KAF,6176,2000.0
VQF,3718,2000.0
