minute,Q1,Q2,Q3,Q4,全體
12:27:00,2.12,-0.93,-0.68,1.12,0.42
12:28:00,1.63,-0.48,1.5,-1.58,0.25
12:29:00,0.3,0.38,-0.19,-2.17,-0.42
12:30:00,0.0,0.0,0.0,0.0,0.0
12:31:00,0.56,-0.81,-1.3,-6.58,-2.04
12:32:00,-0.04,-0.38,-0.9,-9.2,-2.66
12:33:00,-1.49,-0.38,-3.96,-12.32,-4.55
12:34:00,-0.58,0.82,-4.53,-14.18,-4.62
12:35:00,-1.44,-2.72,-5.29,-14.95,-6.11
12:36:00,-2.73,-2.23,-6.39,-15.78,-6.79
12:37:00,-2.95,-2.91,-6.3,-17.43,-7.41
12:38:00,-3.68,-5.06,-9.06,-16.42,-8.55
12:39:00,-4.23,-6.43,-10.98,-18.05,-9.91
12:40:00,-3.98,-6.22,-11.02,-17.45,-9.65
12:41:00,-3.57,-7.4,-12.87,-19.69,-10.85
12:42:00,-2.17,-6.04,-12.71,-20.56,-10.34
12:43:00,-1.97,-7.51,-13.65,-21.63,-11.15
12:44:00,-3.28,-8.17,-14.32,-23.44,-12.27
12:45:00,-4.17,-8.79,-14.61,-23.69,-12.79
12:46:00,-4.48,-8.71,-15.47,-24.31,-13.21
12:47:00,-3.99,-9.69,-15.98,-25.82,-13.84
12:48:00,-3.3,-9.32,-16.13,-25.11,-13.43
12:49:00,-3.75,-8.95,-15.33,-25.09,-13.25
12:50:00,-1.61,-9.38,-17.1,-23.81,-12.91
12:51:00,-2.33,-9.99,-16.71,-24.8,-13.41
12:52:00,-1.97,-9.07,-16.87,-24.62,-13.08
12:53:00,-3.34,-8.82,-16.91,-24.85,-13.43
12:54:00,-1.68,-10.53,-19.1,-26.0,-14.26
12:55:00,-3.11,-9.38,-19.33,-25.66,-14.3
12:56:00,0.08,-10.08,-18.7,-26.91,-13.83
12:57:00,-0.31,-9.41,-20.26,-26.6,-14.05
12:58:00,-1.01,-10.95,-20.17,-26.28,-14.52
12:59:00,-0.64,-9.9,-20.16,-24.42,-13.69
13:00:00,1.12,-10.0,-21.2,-25.48,-13.78
13:01:00,2.11,-10.91,-18.19,-24.67,-12.84
13:02:00,4.57,-12.36,-18.04,-21.86,-11.83
13:03:00,6.4,-11.43,-18.32,-23.83,-11.7
13:04:00,8.65,-12.38,-17.39,-22.62,-10.84
13:05:00,8.33,-12.41,-16.13,-22.12,-10.5
